﻿<sEmailConfig xmlns="http://tempuri.org/sEmailConfig.xsd">
	<EmailConfig>
		<ParametrosLink></ParametrosLink>
		<FormatoEmail>Html</FormatoEmail>
		<SelecionaRegistros>
	 SELECT TLICAMB.IDELICAMB
       FROM TLICAMB
      INNER JOIN TTIPLICAMB ON TTIPLICAMB.IDETIPLICAMB = TLICAMB.IDETIPLICAMB
       LEFT JOIN TMSG ON UPPER(TBLNME) = 'TLICAMB' AND IDETBL = TLICAMB.IDELICAMB AND IDEAUTEML = (SELECT IDEAUTEML FROM TAUTEML WHERE upper(TPLNME) = 'AVISO DE LICENCA VENCIDA') 
      WHERE TLICAMB.DATVAL &lt; GETDATE()
		AND TLICAMB.STTEML &lt;&gt; 1
		AND TLICAMB.STT &lt;&gt; 4
		AND TLICAMB.STT &lt;&gt; 5
		AND TLICAMB.STT &lt;&gt; 6
		AND (TMSG.DIAREF IS NULL OR TMSG.DIAREF &lt; GETDATE())
    </SelecionaRegistros>
		<SelecionaDestinatarios>
			SELECT TUSU.EML,
			TUSU.NME
			FROM TUSU
			INNER JOIN TLICAMB ON TLICAMB.IDEUSU = TUSU.IDEUSU
			WHERE TLICAMB.IDELICAMB = [IDELICAMB]
		</SelecionaDestinatarios>
		<SelecionaInformacoes>
			SELECT TTIPLICREGAMB.DES TIPEMP,
			TEPRLICAMB.NME NMEPRJ,
			VUNI.SIG SIGUNI,
			TLICAMB.CODINT,
			TTIPLICAMB.DES TIPLIC,
			TLICAMB.NUMPCS,
			TLICAMB.DATVAL
			FROM TLICAMB
			INNER JOIN TEPRLICAMB ON TEPRLICAMB.IDEEPRLICAMB= TLICAMB.IDEEPRLICAMB
			INNER JOIN TTIPLICREGAMB ON TEPRLICAMB.IDETIPLICREGAMB = TTIPLICREGAMB.IDETIPLICREGAMB
			INNER JOIN VUNI ON VUNI.IDEUNI = TEPRLICAMB.IDEUNI
			INNER JOIN TTIPLICAMB ON TTIPLICAMB.IDETIPLICAMB = TLICAMB.IDETIPLICAMB
			WHERE IDELICAMB = [IDELICAMB]
		</SelecionaInformacoes>
		<RemoveBeforeSend></RemoveBeforeSend>
		<RemoveOnSend></RemoveOnSend>
		<RemoveAfterSend></RemoveAfterSend>
		<ResetBeforeSend></ResetBeforeSend>
		<ResetOnSend></ResetOnSend>
		<ResetAfterSend>UPDATE TMSG SET DIAREF = DIAREF + 7, UPDTME = GETDATE() WHERE IDEMSG = [IDEMSG]</ResetAfterSend>
	</EmailConfig>
</sEmailConfig>