﻿<sEmailConfig xmlns="http://tempuri.org/sEmailConfig.xsd">
	<EmailConfig>
		<ParametrosLink></ParametrosLink>
		<FormatoEmail>Html</FormatoEmail>
		<SelecionaRegistros>
			SELECT TLICAMB.IDELICAMB
			  FROM TLICAMB
			 INNER JOIN TTIPLICAMB ON TTIPLICAMB.IDETIPLICAMB = TLICAMB.IDETIPLICAMB
			  LEFT JOIN TMSG ON UPPER(TBLNME) = 'TLICAMB' AND IDETBL = TLICAMB.IDELICAMB AND IDEAUTEML = (SELECT IDEAUTEML FROM TAUTEML WHERE upper(TPLNME) = 'AVISO DE RENOVACAO DE LICENCA') 
			 WHERE TLICAMB.STT &lt;&gt; 4
			   AND TLICAMB.STT &lt;&gt; 5
			   AND TLICAMB.STT &lt;&gt; 6
			   AND TTIPLICAMB.PMTRNV = 1
			   AND DATEADD(DAY, -60, (DATEADD(DAY, -TTIPLICAMB.PRZLMTRNV, TLICAMB.DATVAL))) &lt; CAST(GETDATE() AS DATE)
			   AND DATEADD(DAY, -TTIPLICAMB.PRZLMTRNV, TLICAMB.DATVAL) &gt;= CAST(GETDATE() AS DATE)
			   AND (TMSG.DIAREF IS NULL OR TMSG.DIAREF &lt; GETDATE())
		</SelecionaRegistros>
		<SelecionaDestinatarios>
			SELECT TUSU.EML,
				   TUSU.NME
			  FROM TUSU
			 INNER JOIN TLICAMB ON TLICAMB.IDEUSU = TUSU.IDEUSU
			 WHERE TLICAMB.IDELICAMB = [IDELICAMB]
		</SelecionaDestinatarios>
		<SelecionaInformacoes>
			SELECT TTIPLICREGAMB.DES TIPEMP,
				   TEPRLICAMB.NME NMEPRJ,
				   VUNI.SIG SIGUNI,
				   TLICAMB.CODINT,
				   TTIPLICAMB.DES TIPLIC,
				   TLICAMB.NUMPCS,
				   TLICAMB.DATVAL,
				   TLICAMB.IDELICAMB,
				   DATEADD(DAY, -TTIPLICAMB.PRZLMTRNV, TLICAMB.DATVAL) DATLMTRNV
			  FROM TLICAMB
			 INNER JOIN TEPRLICAMB ON TEPRLICAMB.IDEEPRLICAMB= TLICAMB.IDEEPRLICAMB
			 INNER JOIN TTIPLICREGAMB ON TEPRLICAMB.IDETIPLICREGAMB = TTIPLICREGAMB.IDETIPLICREGAMB
			 INNER JOIN VUNI ON VUNI.IDEUNI = TEPRLICAMB.IDEUNI
			 INNER JOIN TTIPLICAMB ON TTIPLICAMB.IDETIPLICAMB = TLICAMB.IDETIPLICAMB
			 WHERE IDELICAMB = [IDELICAMB]
		</SelecionaInformacoes>
		<RemoveBeforeSend></RemoveBeforeSend>
		<RemoveOnSend></RemoveOnSend>
		<RemoveAfterSend></RemoveAfterSend>
		<ResetBeforeSend></ResetBeforeSend>
		<ResetOnSend></ResetOnSend>
		<ResetAfterSend>UPDATE TMSG SET DIAREF = DIAREF + 15, UPDTME = GETDATE() WHERE IDEMSG = [IDEMSG]</ResetAfterSend>
	</EmailConfig>
</sEmailConfig>