﻿<sEmailConfig xmlns="http://tempuri.org/sEmailConfig.xsd">
	<EmailConfig>
		<SelecionaRegistros></SelecionaRegistros>
		<SelecionaDestinatarios></SelecionaDestinatarios>
		<SelecionaInformacoes></SelecionaInformacoes>
		<RemoveBeforeSend>DELETE FROM tMsg WHERE tMsg.DatUltEnv &lt;= GETDATE() - 90 AND tMsg.Stt &lt;&gt; 0</RemoveBeforeSend>
		<RemoveOnSend></RemoveOnSend>
		<RemoveAfterSend></RemoveAfterSend>
		<ResetBeforeSend></ResetBeforeSend>
		<ResetOnSend></ResetOnSend>
		<ResetAfterSend></ResetAfterSend>
	</EmailConfig>
</sEmailConfig>