﻿<sEmailConfig xmlns="http://tempuri.org/sEmailConfig.xsd">
	<EmailConfig>
		<ParametrosLink></ParametrosLink>
		<FormatoEmail>Html</FormatoEmail>
		<SelecionaRegistros>
            SELECT IDEPACTAR FROM TPACTAR
            INNER JOIN TPLAACO ON TPLAACO.IDEPLAACO = TPACTAR.IDEPLAACO
            INNER JOIN TLICAMB ON TLICAMB.IDEPLAACOORIBAS = TPLAACO.IDEPLAACO
            WHERE ((ENVAVSEXC = 1 --AVISO NO DIA DA EXECUÇÃO
                    AND ((FREREC = 0 AND (TO_DATE(SYSDATE, 'DD-MM-YYYY') = TO_DATE(CASE WHEN INIPRE IS NULL OR INIREA IS NOT NULL THEN FIMPRE ELSE INIPRE END, 'DD-MM-YYYY')))
                    OR (FREREC &lt;&gt; 0 AND TO_DATE(SYSDATE, 'DD-MM-YYYY') = TO_DATE(COALESCE(PRXEXCREC, INIPRE), 'DD-MM-YYYY'))))
                  OR (ENVAVSEXC = 2 --AVISO UMA SEMANA ANTES DA EXECUÇÃO
                    AND ((FREREC = 0 AND TO_DATE(SYSDATE, 'DD-MM-YYYY') = TO_DATE(CASE WHEN INIPRE IS NULL OR INIREA IS NOT NULL THEN FIMPRE ELSE INIPRE END - 7, 'DD-MM-YYYY'))
                    OR (FREREC &lt;&gt; 0 AND TO_DATE(SYSDATE, 'DD-MM-YYYY') = TO_DATE(COALESCE(PRXEXCREC, INIPRE) - 7, 'DD-MM-YYYY'))))
                  OR (ENVAVSEXC = 3 --AVISO UM MÊS ANTES DA EXECUÇÃO
                    AND ((FREREC = 0 AND TO_DATE(SYSDATE, 'DD-MM-YYYY') = TO_DATE(NON_ANSI_ADD_MONTHS(CASE WHEN INIPRE IS NULL OR INIREA IS NOT NULL THEN FIMPRE ELSE INIPRE END, - 1), 'DD-MM-YYYY'))
                    OR (FREREC &lt;&gt; 0 AND TO_DATE(SYSDATE, 'DD-MM-YYYY') = TO_DATE(NON_ANSI_ADD_MONTHS(COALESCE(PRXEXCREC, INIPRE), - 1), 'DD-MM-YYYY'))))
                  OR (ENVAVSEXC = 4 --AVISO NA DATA ESPECIFICADA
                    AND TO_DATE(SYSDATE, 'DD-MM-YYYY') = TO_DATE(DTAAVSEXC, 'DD-MM-YYYY')))
                  AND TPACTAR.STTEML &lt;&gt; 2
			      AND TPACTAR.DEL = 0
            AND FIMREA IS NULL 
		</SelecionaRegistros>
		<SelecionaDestinatarios>
			SELECT CASE WHEN TPACTAR.IDEUSURES IS NULL THEN 0 ELSE TUSU.IDEUSU END IDEUSU,
				CASE WHEN TPACTAR.NMEUSURES IS NULL THEN TUSU.NME ELSE TPACTAR.NMEUSURES END NME,
				CASE WHEN TPACTAR.EMLUSURES IS NULL THEN TUSU.EML ELSE TPACTAR.EMLUSURES END EML
			FROM TUSU
				RIGHT JOIN TPACTAR ON TUSU.IDEUSU = TPACTAR.IDEUSURES
			WHERE TPACTAR.IDEPACTAR = [IDEPACTAR]
			UNION
			SELECT TPACTAR.IDEUSUELB IDEUSU,
			    TUSU.NME NME,
			    TUSU.EML EML
			FROM TPACTAR
			    INNER JOIN TUSU ON TUSU.IDEUSU = TPACTAR.IDEUSUELB
			WHERE TPACTAR.IDEPACTAR = [IDEPACTAR]
		</SelecionaDestinatarios>
		<SelecionaInformacoes>
            SELECT TTIPLICREGAMB.DES TIPEMP,
            TEPRLICAMB.NME NMEPRJ,
            VUNI.SIG SIGUNI,
            TLICAMB.CODINT,
            TTIPLICAMB.DES TIPLIC,
            TLICAMB.NUMPCS,
            TPACTAR.IDEPACTAR,
            TPACTAR.WHT,
            CASE WHEN TPACTAR.FREREC = 0 THEN CASE WHEN TPACTAR.INIPRE IS NULL OR TPACTAR.INIREA IS NOT NULL THEN TPACTAR.FIMPRE ELSE TPACTAR.INIPRE END 
                 ELSE COALESCE(TPACTAR.PRXEXCREC, INIPRE) END DTAEXC
            FROM TLICAMB
            INNER JOIN TPLAACO ON TLICAMB.IDEPLAACOORIBAS = TPLAACO.IDEPLAACO
            INNER JOIN TPACTAR ON TPACTAR.IDEPLAACO = TPLAACO.IDEPLAACO
            INNER JOIN TEPRLICAMB ON TLICAMB.IDEEPRLICAMB = TEPRLICAMB.IDEEPRLICAMB
            INNER JOIN TTIPLICREGAMB ON TEPRLICAMB.IDETIPLICREGAMB = TTIPLICREGAMB.IDETIPLICREGAMB
            INNER JOIN VUNI ON VUNI.IDEUNI = TEPRLICAMB.IDEUNI
            INNER JOIN TTIPLICAMB ON TTIPLICAMB.IDETIPLICAMB = TLICAMB.IDETIPLICAMB
            WHERE TPACTAR.IDEPACTAR = [IDEPACTAR]
		</SelecionaInformacoes>
		<RemoveBeforeSend></RemoveBeforeSend>
		<RemoveOnSend></RemoveOnSend>
		<RemoveAfterSend></RemoveAfterSend>
		<ResetBeforeSend></ResetBeforeSend>
		<ResetOnSend>UPDATE TPACTAR SET TPACTAR.STTEML = 2, TPACTAR.UPDTME = SYSDATE WHERE TPACTAR.IDEPACTAR = [IDEPACTAR]</ResetOnSend>
		<ResetAfterSend></ResetAfterSend>
	</EmailConfig>
</sEmailConfig>