﻿<sEmailConfig xmlns="http://tempuri.org/sEmailConfig.xsd">
	<EmailConfig>
		<ParametrosLink></ParametrosLink>
		<FormatoEmail>Html</FormatoEmail>
		<SelecionaRegistros>
			SELECT TLICAMB.IDELICAMB
			  FROM TLICAMB
			 INNER JOIN TTIPLICAMB ON TTIPLICAMB.IDETIPLICAMB = TLICAMB.IDETIPLICAMB
			  LEFT JOIN TMSG ON UPPER(TBLNME) = 'TLICAMB' AND IDETBL = TLICAMB.IDELICAMB
			 WHERE TLICAMB.DATVAL - TTIPLICAMB.PRZALEVEN &lt; SYSDATE
			   AND RetornarSttVencimentoLicenca(TLICAMB.IDELICAMB) = 0
			   AND TLICAMB.STTEML &lt;&gt; 1
			   AND TLICAMB.STT &lt;&gt; 3
			   AND TLICAMB.STT &lt;&gt; 4
			   AND TLICAMB.STT &lt;&gt; 5
			   AND TLICAMB.STT &lt;&gt; 6
			   AND TLICAMB.DATVAL &gt; SYSDATE
			   AND (TMSG.DIAREF IS NULL OR TMSG.DIAREF &lt; SYSDATE)
    </SelecionaRegistros>
		<SelecionaDestinatarios>
			SELECT TUSU.EML,
			TUSU.NME
			FROM TUSU
			INNER JOIN TLICAMB ON TLICAMB.IDEUSU = TUSU.IDEUSU
			WHERE TLICAMB.IDELICAMB = [IDELICAMB]
			UNION
			SELECT TUSU.EML,
			TUSU.NME
			FROM TUSU
			WHERE IDEUSU = 1110000000017
		</SelecionaDestinatarios>
		<SelecionaInformacoes>
			SELECT TTIPLICREGAMB.DES TIPEMP,
			TEPRLICAMB.NME NMEPRJ,
			VUNI.SIG SIGUNI,
			TLICAMB.CODINT,
			TTIPLICAMB.DES TIPLIC,
			TLICAMB.NUMPCS,
			TLICAMB.DATVAL,
			TLICAMB.IDELICAMB
			FROM TLICAMB
			INNER JOIN TEPRLICAMB ON TEPRLICAMB.IDEEPRLICAMB= TLICAMB.IDEEPRLICAMB
			INNER JOIN TTIPLICREGAMB ON TEPRLICAMB.IDETIPLICREGAMB = TTIPLICREGAMB.IDETIPLICREGAMB
			INNER JOIN VUNI ON VUNI.IDEUNI = TEPRLICAMB.IDEUNI
			INNER JOIN TTIPLICAMB ON TTIPLICAMB.IDETIPLICAMB = TLICAMB.IDETIPLICAMB
			WHERE IDELICAMB = [IDELICAMB]
			AND VUNI.EXR = (SELECT MAX(EXR)
			FROM TPLAGES
			WHERE TPLAGES.EXR &lt;= to_char(SYSDATE, 'YYYY')
			AND ATV &lt;&gt; 0)
		</SelecionaInformacoes>
		<RemoveBeforeSend></RemoveBeforeSend>
		<RemoveOnSend></RemoveOnSend>
		<RemoveAfterSend></RemoveAfterSend>
		<ResetBeforeSend></ResetBeforeSend>
		<ResetOnSend></ResetOnSend>
		<ResetAfterSend>UPDATE TMSG SET DIAREF = DIAREF + 30, UPDTME = SYSDATE WHERE IDEMSG = [IDEMSG]</ResetAfterSend>
	</EmailConfig>
</sEmailConfig>