<sEmailConfig xmlns="http://tempuri.org/sEmailConfig.xsd">
	<EmailConfig>
		<ParametrosLink></ParametrosLink>
		<FormatoEmail>Html</FormatoEmail>
		<SelecionaRegistros>
			SELECT MAX(TPACTAR.IDEPACTAR) IDEPACTAR
			  FROM TLICAMB
			  INNER JOIN TPLAACO ON TLICAMB.IDEPLAACOPRGAMB = TPLAACO.IDEPLAACO
			  INNER JOIN TPACTAR ON TPACTAR.IDEPLAACO = TPLAACO.IDEPLAACO
			 WHERE TPACTAR.FIMREA IS NULL
			 AND (TPACTAR.IDEUSURES IS NOT NULL OR TPACTAR.EMLUSURES IS NOT NULL)
			 AND TPACTAR.DEL = 0
			 AND ((TPACTAR.FREREC = 0 AND (Sysdate + 7) &gt;= CASE WHEN TPACTAR.INIREA IS NULL THEN Coalesce(TPACTAR.INIPRE, TPACTAR.FIMPRE) ELSE TPACTAR.FIMPRE END) 
			 OR (TPACTAR.FREREC &lt;&gt; 0 AND (Sysdate + 7) &gt;= Coalesce(TPACTAR.PRXEXCREC, TPACTAR.INIPRE)))
          GROUP BY TPACTAR.IDEUSURES, TPACTAR.EMLUSURES	
		</SelecionaRegistros>
		<SelecionaDestinatarios>
            SELECT CASE WHEN TPACTAR.IDEUSURES IS NULL THEN 0 ELSE TUSU.IDEUSU END IDEUSU,
            CASE WHEN TPACTAR.NMEUSURES IS NULL THEN TUSU.NME ELSE TPACTAR.NMEUSURES END NME,
            CASE WHEN TPACTAR.EMLUSURES IS NULL THEN TUSU.EML ELSE TPACTAR.EMLUSURES END EML
            FROM TUSU
            RIGHT JOIN TPACTAR ON TUSU.IDEUSU = TPACTAR.IDEUSURES
            WHERE TPACTAR.IDEPACTAR = [IDEPACTAR]
			UNION
			SELECT TPACTAR.IDEUSUELB IDEUSU,
				TUSU.NME NME,
				TUSU.EML EML
			FROM TPACTAR
				INNER JOIN TUSU ON TUSU.IDEUSU = TPACTAR.IDEUSUELB
			WHERE TPACTAR.IDEPACTAR = [IDEPACTAR]
			UNION
			SELECT TUSU.IDEUSU,
				TUSU.NME,
				TUSU.EML
			FROM TUSU
			WHERE IDEUSU = 1110000000017
        </SelecionaDestinatarios>
		<SelecionaInformacoes></SelecionaInformacoes>
		<RemoveBeforeSend></RemoveBeforeSend>
		<RemoveOnSend></RemoveOnSend>
		<RemoveAfterSend></RemoveAfterSend>
		<ResetBeforeSend></ResetBeforeSend>
		<ResetOnSend></ResetOnSend>
		<ResetAfterSend></ResetAfterSend>
		<Tabelas>
			<Ordem>0</Ordem>
			<DependeDestinatario>false</DependeDestinatario>
			<SelecionaTabelas>
				 SELECT CASE DEFINIRSTATUSACAO(TPACTAR.IDEPACTAR, SYSDATE)
						   WHEN 1 THEN 'Planejada'
						   WHEN 2 THEN 'Em Execu&#231;&#227;o'
						   WHEN 3 THEN 'Atrasada'
						END STT,
					    TEPRLICAMB.NME NMEPRJ,
						VUNI.SIG SIGUNI,
						('(' || TTIPLICAMB.SIG ||') ' || TLICAMB.CODINT) LIC,
						TLICAMB.NUMPCS,
						TPACTAR.WHT,
						TO_CHAR(CASE WHEN TPACTAR.FREREC = 0 
							 THEN CASE WHEN TPACTAR.INIREA IS NULL THEN Coalesce(TPACTAR.INIPRE, TPACTAR.FIMPRE) ELSE TPACTAR.FIMPRE END
							 ELSE Coalesce(TPACTAR.PRXEXCREC, TPACTAR.INIPRE)    
						 END) DATPEN,
						 TPACTAR.IDEPACTAR
				   FROM TLICAMB
				  INNER JOIN TPLAACO ON TLICAMB.IDEPLAACOPRGAMB = TPLAACO.IDEPLAACO
				  INNER JOIN TPACTAR ON TPACTAR.IDEPLAACO = TPLAACO.IDEPLAACO
				  INNER JOIN TEPRLICAMB ON TLICAMB.IDEEPRLICAMB = TEPRLICAMB.IDEEPRLICAMB
				  INNER JOIN TTIPLICREGAMB ON TEPRLICAMB.IDETIPLICREGAMB = TTIPLICREGAMB.IDETIPLICREGAMB
				  INNER JOIN VUNI ON VUNI.IDEUNI = TEPRLICAMB.IDEUNI
				  INNER JOIN TTIPLICAMB ON TTIPLICAMB.IDETIPLICAMB = TLICAMB.IDETIPLICAMB
				  WHERE VUNI.EXR = (SELECT MAX(EXR)
									  FROM TPLAGES
									 WHERE TPLAGES.EXR &lt;= to_char(SYSDATE, 'YYYY')
									   AND ATV &lt;&gt;  0)
					    AND TPACTAR.FIMREA IS NULL
						AND TPACTAR.DEL = 0
					    AND (TPACTAR.IDEUSURES = (SELECT IDEUSURES FROM TPACTAR WHERE IDEPACTAR = [IDEPACTAR])
								OR (TPACTAR.EMLUSURES = (SELECT EMLUSURES FROM TPACTAR WHERE IDEPACTAR = [IDEPACTAR])) AND TPACTAR.IDEUSURES IS NULL)
						AND ((TPACTAR.FREREC = 0 AND (Sysdate + 7) &gt;= CASE WHEN TPACTAR.INIREA IS NULL THEN Coalesce(TPACTAR.INIPRE, TPACTAR.FIMPRE) ELSE TPACTAR.FIMPRE END) 
						OR (TPACTAR.FREREC &lt;&gt; 0 AND (Sysdate + 7) &gt;= Coalesce(TPACTAR.PRXEXCREC, TPACTAR.INIPRE)))
				  ORDER BY DATPEN
      </SelecionaTabelas>
		</Tabelas>
	</EmailConfig>
</sEmailConfig>